username,email,password
Ada Carson,ada.carson@student.edu,pass_S47460
Ada Fermi,ada.fermi@student.edu,pass_S57273
Ada Mead,ada.mead@student.edu,pass_S41346
Ada Parks,ada.parks@student.edu,pass_S12434
Ada Ptolemy,ada.ptolemy@student.edu,pass_S58440
Alan Blackwell,alan.blackwell@student.edu,pass_S79185
Alan Hemingway,alan.hemingway@student.edu,pass_S16917
Alan Johnson,alan.johnson@student.edu,pass_S21561
Alan Kepler,alan.kepler@student.edu,pass_S83349
Alan Winfrey,alan.winfrey@student.edu,pass_S16447
Albert McClintock,albert.mcclintock@student.edu,pass_S12806
Alexander Angelou,alexander.angelou@student.edu,pass_S89286
Alexander Kepler,alexander.kepler@student.edu,pass_S48393
Alexander Plath,alexander.plath@student.edu,pass_S10534
Amelia Armstrong,amelia.armstrong@student.edu,pass_S21762
Amelia Hurston,amelia.hurston@student.edu,pass_S92568
Amelia Morrison,amelia.morrison@student.edu,pass_S36119
Amelia Mozart,amelia.mozart@student.edu,pass_S40150
Amelia Pasteur,amelia.pasteur@student.edu,pass_S25846
Amelia Yousafzai,amelia.yousafzai@student.edu,pass_S69215
Bill Feynman,bill.feynman@student.edu,pass_S90038
Bill Hawking,bill.hawking@student.edu,pass_S91549
Bill Kahlo,bill.kahlo@student.edu,pass_S94429
Carl Tesla,carl.tesla@student.edu,pass_S57141
Charles da Vinci,charles.da.vinci@student.edu,pass_S88495
Charles Jobs,charles.jobs@student.edu,pass_S35090
Charles Kahlo,charles.kahlo@student.edu,pass_S83193
Charles Parks,charles.parks@student.edu,pass_S70812
Charles Ptolemy,charles.ptolemy@student.edu,pass_S46032
Cleopatra Gandhi,cleopatra.gandhi@student.edu,pass_S98333
Dorothy Kahlo,dorothy.kahlo@student.edu,pass_S87733
Eleanor Ptolemy,eleanor.ptolemy@student.edu,pass_S52162
Eleanor Tesla,eleanor.tesla@student.edu,pass_S68635
Elizabeth Hodgkin,elizabeth.hodgkin@student.edu,pass_S12000
Elizabeth Kahlo,elizabeth.kahlo@student.edu,pass_S54797
Elizabeth Kepler,elizabeth.kepler@student.edu,pass_S74647
Elizabeth Musk,elizabeth.musk@student.edu,pass_S13383
Elon Edison,elon.edison@student.edu,pass_S28258
Emmy Darwin,emmy.darwin@student.edu,pass_S87645
Emmy Nightingale,emmy.nightingale@student.edu,pass_S89372
Emmy Noether,emmy.noether@student.edu,pass_S24754
Emmy Plath,emmy.plath@student.edu,pass_S20301
Enrico Hodgkin,enrico.hodgkin@student.edu,pass_S78048
Enrico Lamarr,enrico.lamarr@student.edu,pass_S20782
Enrico Lovelace,enrico.lovelace@student.edu,pass_S57309
Enrico Morrison,enrico.morrison@student.edu,pass_S28331
Enrico Watson,enrico.watson@student.edu,pass_S53708
Ernest Churchill,ernest.churchill@student.edu,pass_S19446
Ernest Hurston,ernest.hurston@student.edu,pass_S31998
Ernest Luther,ernest.luther@student.edu,pass_S67289
Florence Parks,florence.parks@student.edu,pass_S39432
Frida Angelou,frida.angelou@student.edu,pass_S43542
Frida Antoinette,frida.antoinette@student.edu,pass_S93049
Frida Hemingway,frida.hemingway@student.edu,pass_S67394
Frida Lovelace,frida.lovelace@student.edu,pass_S80121
Frida Newton,frida.newton@student.edu,pass_S61920
Frida Noether,frida.noether@student.edu,pass_S19244
Frida Ramanujan,frida.ramanujan@student.edu,pass_S56698
Frida Winfrey,frida.winfrey@student.edu,pass_S64651
Galileo Lovelace,galileo.lovelace@student.edu,pass_S37038
Galileo Shelley,galileo.shelley@student.edu,pass_S62365
Georgia Earhart,georgia.earhart@student.edu,pass_S52262
Hedy Einstein,hedy.einstein@student.edu,pass_S99052
Hedy Hopper,hedy.hopper@student.edu,pass_S48082
Hedy Pasteur,hedy.pasteur@student.edu,pass_S52899
Hedy Winfrey,hedy.winfrey@student.edu,pass_S12754
Hedy Yousafzai,hedy.yousafzai@student.edu,pass_S12504
Isaac Bohr,isaac.bohr@student.edu,pass_S32974
Isaac Earhart,isaac.earhart@student.edu,pass_S27686
Isaac Feynman,isaac.feynman@student.edu,pass_S73404
James Feynman,james.feynman@student.edu,pass_S49122
James Kepler,james.kepler@student.edu,pass_S98601
James Newton,james.newton@student.edu,pass_S29512
James Nightingale,james.nightingale@student.edu,pass_S22622
Jane Blackwell,jane.blackwell@student.edu,pass_S46708
Jane Gandhi,jane.gandhi@student.edu,pass_S51430
Jane Gates,jane.gates@student.edu,pass_S66792
Jane Hawking,jane.hawking@student.edu,pass_S41440
Jane Johnson,jane.johnson@student.edu,pass_S54799
Johannes Gandhi,johannes.gandhi@student.edu,pass_S38320
Katherine da Vinci,katherine.da.vinci@student.edu,pass_S91092
Leonardo Carson,leonardo.carson@student.edu,pass_S53724
Leonardo Hodgkin,leonardo.hodgkin@student.edu,pass_S28637
Leonardo Oppenheimer,leonardo.oppenheimer@student.edu,pass_S13576
Leonardo Sagan,leonardo.sagan@student.edu,pass_S15341
Louis Heisenberg,louis.heisenberg@student.edu,pass_S26164
Louis Shelley,louis.shelley@student.edu,pass_S65157
Louis Tesla,louis.tesla@student.edu,pass_S65327
Mahatma Edison,mahatma.edison@student.edu,pass_S91719
Mahatma Einstein,mahatma.einstein@student.edu,pass_S58685
Mahatma Jobs,mahatma.jobs@student.edu,pass_S91732
Malala Armstrong,malala.armstrong@student.edu,pass_S31180
Malala Plath,malala.plath@student.edu,pass_S21785
Malala Watson,malala.watson@student.edu,pass_S74272
Margaret Feynman,margaret.feynman@student.edu,pass_S26010
Margaret Parks,margaret.parks@student.edu,pass_S45397
Margaret Roosevelt,margaret.roosevelt@student.edu,pass_S52766
Margaret Winfrey,margaret.winfrey@student.edu,pass_S44092
Marie da Vinci,marie.da.vinci@student.edu,pass_S53224
Marie Einstein,marie.einstein@student.edu,pass_S46108
Marie Fermi,marie.fermi@student.edu,pass_S93667
Marie Feynman,marie.feynman@student.edu,pass_S44710
Marie Graham,marie.graham@student.edu,pass_S74602
Marie Hawking,marie.hawking@student.edu,pass_S86939
Marie Hodgkin,marie.hodgkin@student.edu,pass_S70982
Marie Johnson,marie.johnson@student.edu,pass_S48159
Marie Newton,marie.newton@student.edu,pass_S37458
Martin Hurston,martin.hurston@student.edu,pass_S25951
Martin Roosevelt,martin.roosevelt@student.edu,pass_S85979
Mary Earhart,mary.earhart@student.edu,pass_S65184
Mary Jobs,mary.jobs@student.edu,pass_S88552
Max da Vinci,max.da.vinci@student.edu,pass_S88565
Max Gates,max.gates@student.edu,pass_S68000
Maya Armstrong,maya.armstrong@student.edu,pass_S86090
Maya Bohr,maya.bohr@student.edu,pass_S42560
Maya Parks,maya.parks@student.edu,pass_S28285
Maya Roosevelt,maya.roosevelt@student.edu,pass_S31251
Nelson Hawking,nelson.hawking@student.edu,pass_S97664
Nelson Lovelace,nelson.lovelace@student.edu,pass_S71200
Niels Kahlo,niels.kahlo@student.edu,pass_S93312
Nikola Austen,nikola.austen@student.edu,pass_S15700
Nikola Galilei,nikola.galilei@student.edu,pass_S96801
Nikola Ginsburg,nikola.ginsburg@student.edu,pass_S89632
Nikola Johnson,nikola.johnson@student.edu,pass_S26372
Nikola Musk,nikola.musk@student.edu,pass_S63015
Nikola Ramanujan,nikola.ramanujan@student.edu,pass_S85399
Nikola Woolf,nikola.woolf@student.edu,pass_S81503
Oprah Hodgkin,oprah.hodgkin@student.edu,pass_S19911
Oprah Mandela,oprah.mandela@student.edu,pass_S36950
Rachel Einstein,rachel.einstein@student.edu,pass_S21059
Rachel Lamarr,rachel.lamarr@student.edu,pass_S34114
Richard Austen,richard.austen@student.edu,pass_S79746
Robert Parks,robert.parks@student.edu,pass_S12225
Rosa Noether,rosa.noether@student.edu,pass_S24687
Ruth da Vinci,ruth.da.vinci@student.edu,pass_S41601
Ruth Planck,ruth.planck@student.edu,pass_S51918
Ruth Turing,ruth.turing@student.edu,pass_S64729
Srinivasa Churchill,srinivasa.churchill@student.edu,pass_S98635
Srinivasa Hurston,srinivasa.hurston@student.edu,pass_S73666
Srinivasa Mead,srinivasa.mead@student.edu,pass_S35977
Srinivasa Yousafzai,srinivasa.yousafzai@student.edu,pass_S39130
Stephen Darwin,stephen.darwin@student.edu,pass_S51260
Stephen Lamarr,stephen.lamarr@student.edu,pass_S67619
Stephen Morrison,stephen.morrison@student.edu,pass_S82466
Stephen Newton,stephen.newton@student.edu,pass_S72092
Stephen Tesla,stephen.tesla@student.edu,pass_S42813
Steve Franklin,steve.franklin@student.edu,pass_S17827
Steve Hawking,steve.hawking@student.edu,pass_S14237
Steve Jobs,steve.jobs@student.edu,pass_S79079
Sylvia Edison,sylvia.edison@student.edu,pass_S21368
Sylvia Hurston,sylvia.hurston@student.edu,pass_S99528
Sylvia Kahlo,sylvia.kahlo@student.edu,pass_S41184
Sylvia Musk,sylvia.musk@student.edu,pass_S79583
Sylvia Newton,sylvia.newton@student.edu,pass_S71525
Thomas Heisenberg,thomas.heisenberg@student.edu,pass_S33837
Toni Feynman,toni.feynman@student.edu,pass_S78024
Toni Gandhi,toni.gandhi@student.edu,pass_S86157
Virginia Bohr,virginia.bohr@student.edu,pass_S27449
Virginia Johnson,virginia.johnson@student.edu,pass_S94966
Virginia Pasteur,virginia.pasteur@student.edu,pass_S24213
Virginia Yousafzai,virginia.yousafzai@student.edu,pass_S67175
Werner Hopper,werner.hopper@student.edu,pass_S52563
Werner Jobs,werner.jobs@student.edu,pass_S95773
Werner Kepler,werner.kepler@student.edu,pass_S35992
Werner Luther,werner.luther@student.edu,pass_S26362
Winston Armstrong,winston.armstrong@student.edu,pass_S67066
Winston Watson,winston.watson@student.edu,pass_S46311
Winston Woolf,winston.woolf@student.edu,pass_S54909
Wolfgang Angelou,wolfgang.angelou@student.edu,pass_S94597
Wolfgang Antoinette,wolfgang.antoinette@student.edu,pass_S82214
Wolfgang Franklin,wolfgang.franklin@student.edu,pass_S21787
Wolfgang Luther,wolfgang.luther@student.edu,pass_S79092
Wolfgang Nightingale,wolfgang.nightingale@student.edu,pass_S77806
Zora Gates,zora.gates@student.edu,pass_S59380
Zora Turing,zora.turing@student.edu,pass_S41240
