id,name,email,password,role
S85399,Nikola Ramanujan,nikola.ramanujan@student.edu,pass_S85399,student
S12225,Robert Parks,robert.parks@student.edu,pass_S12225,student
S79092,Wolfgang Luther,wolfgang.luther@student.edu,pass_S79092,student
S54797,Elizabeth Kahlo,elizabeth.kahlo@student.edu,pass_S54797,student
S35992,Werner Kepler,werner.kepler@student.edu,pass_S35992,student
S79583,Sylvia Musk,sylvia.musk@student.edu,pass_S79583,student
S53724,Leonardo Carson,leonardo.carson@student.edu,pass_S53724,student
S51260,Stephen Darwin,stephen.darwin@student.edu,pass_S51260,student
S42813,Stephen Tesla,stephen.tesla@student.edu,pass_S42813,student
S99052,Hedy Einstein,hedy.einstein@student.edu,pass_S99052,student
S80121,Frida Lovelace,frida.lovelace@student.edu,pass_S80121,student
S71200,Nelson Lovelace,nelson.lovelace@student.edu,pass_S71200,student
S70812,Charles Parks,charles.parks@student.edu,pass_S70812,student
S86939,Marie Hawking,marie.hawking@student.edu,pass_S86939,student
S74602,Marie Graham,marie.graham@student.edu,pass_S74602,student
S24687,Rosa Noether,rosa.noether@student.edu,pass_S24687,student
S94597,Wolfgang Angelou,wolfgang.angelou@student.edu,pass_S94597,student
S31251,Maya Roosevelt,maya.roosevelt@student.edu,pass_S31251,student
S74272,Malala Watson,malala.watson@student.edu,pass_S74272,student
S43542,Frida Angelou,frida.angelou@student.edu,pass_S43542,student
S64729,Ruth Turing,ruth.turing@student.edu,pass_S64729,student
S28331,Enrico Morrison,enrico.morrison@student.edu,pass_S28331,student
S65157,Louis Shelley,louis.shelley@student.edu,pass_S65157,student
S98333,Cleopatra Gandhi,cleopatra.gandhi@student.edu,pass_S98333,student
S89286,Alexander Angelou,alexander.angelou@student.edu,pass_S89286,student
S68000,Max Gates,max.gates@student.edu,pass_S68000,student
S83349,Alan Kepler,alan.kepler@student.edu,pass_S83349,student
S46708,Jane Blackwell,jane.blackwell@student.edu,pass_S46708,student
S87733,Dorothy Kahlo,dorothy.kahlo@student.edu,pass_S87733,student
S88552,Mary Jobs,mary.jobs@student.edu,pass_S88552,student
S15341,Leonardo Sagan,leonardo.sagan@student.edu,pass_S15341,student
S19911,Oprah Hodgkin,oprah.hodgkin@student.edu,pass_S19911,student
S57141,Carl Tesla,carl.tesla@student.edu,pass_S57141,student
S82214,Wolfgang Antoinette,wolfgang.antoinette@student.edu,pass_S82214,student
S16447,Alan Winfrey,alan.winfrey@student.edu,pass_S16447,student
S13576,Leonardo Oppenheimer,leonardo.oppenheimer@student.edu,pass_S13576,student
S65184,Mary Earhart,mary.earhart@student.edu,pass_S65184,student
S32974,Isaac Bohr,isaac.bohr@student.edu,pass_S32974,student
S36950,Oprah Mandela,oprah.mandela@student.edu,pass_S36950,student
S16917,Alan Hemingway,alan.hemingway@student.edu,pass_S16917,student
S63015,Nikola Musk,nikola.musk@student.edu,pass_S63015,student
S20301,Emmy Plath,emmy.plath@student.edu,pass_S20301,student
S67066,Winston Armstrong,winston.armstrong@student.edu,pass_S67066,student
S87645,Emmy Darwin,emmy.darwin@student.edu,pass_S87645,student
S12754,Hedy Winfrey,hedy.winfrey@student.edu,pass_S12754,student
S46108,Marie Einstein,marie.einstein@student.edu,pass_S46108,student
S56698,Frida Ramanujan,frida.ramanujan@student.edu,pass_S56698,student
S54909,Winston Woolf,winston.woolf@student.edu,pass_S54909,student
S92568,Amelia Hurston,amelia.hurston@student.edu,pass_S92568,student
S48159,Marie Johnson,marie.johnson@student.edu,pass_S48159,student
S91719,Mahatma Edison,mahatma.edison@student.edu,pass_S91719,student
S37038,Galileo Lovelace,galileo.lovelace@student.edu,pass_S37038,student
S19446,Ernest Churchill,ernest.churchill@student.edu,pass_S19446,student
S71525,Sylvia Newton,sylvia.newton@student.edu,pass_S71525,student
S95773,Werner Jobs,werner.jobs@student.edu,pass_S95773,student
S26164,Louis Heisenberg,louis.heisenberg@student.edu,pass_S26164,student
S40150,Amelia Mozart,amelia.mozart@student.edu,pass_S40150,student
S21787,Wolfgang Franklin,wolfgang.franklin@student.edu,pass_S21787,student
S41601,Ruth da Vinci,ruth.da.vinci@student.edu,pass_S41601,student
S98635,Srinivasa Churchill,srinivasa.churchill@student.edu,pass_S98635,student
S28258,Elon Edison,elon.edison@student.edu,pass_S28258,student
S68635,Eleanor Tesla,eleanor.tesla@student.edu,pass_S68635,student
S79185,Alan Blackwell,alan.blackwell@student.edu,pass_S79185,student
S73666,Srinivasa Hurston,srinivasa.hurston@student.edu,pass_S73666,student
S78048,Enrico Hodgkin,enrico.hodgkin@student.edu,pass_S78048,student
S77806,Wolfgang Nightingale,wolfgang.nightingale@student.edu,pass_S77806,student
S34114,Rachel Lamarr,rachel.lamarr@student.edu,pass_S34114,student
S44710,Marie Feynman,marie.feynman@student.edu,pass_S44710,student
S26010,Margaret Feynman,margaret.feynman@student.edu,pass_S26010,student
S13383,Elizabeth Musk,elizabeth.musk@student.edu,pass_S13383,student
S25717,Maya Roosevelt,maya.roosevelt@student.edu,pass_S25717,student
S62365,Galileo Shelley,galileo.shelley@student.edu,pass_S62365,student
S67619,Stephen Lamarr,stephen.lamarr@student.edu,pass_S67619,student
S64651,Frida Winfrey,frida.winfrey@student.edu,pass_S64651,student
S21785,Malala Plath,malala.plath@student.edu,pass_S21785,student
S46311,Winston Watson,winston.watson@student.edu,pass_S46311,student
S15700,Nikola Austen,nikola.austen@student.edu,pass_S15700,student
S21561,Alan Johnson,alan.johnson@student.edu,pass_S21561,student
S79079,Steve Jobs,steve.jobs@student.edu,pass_S79079,student
S58440,Ada Ptolemy,ada.ptolemy@student.edu,pass_S58440,student
S83193,Charles Kahlo,charles.kahlo@student.edu,pass_S83193,student
S52563,Werner Hopper,werner.hopper@student.edu,pass_S52563,student
S25951,Martin Hurston,martin.hurston@student.edu,pass_S25951,student
S33837,Thomas Heisenberg,thomas.heisenberg@student.edu,pass_S33837,student
S52766,Margaret Roosevelt,margaret.roosevelt@student.edu,pass_S52766,student
S35977,Srinivasa Mead,srinivasa.mead@student.edu,pass_S35977,student
S89632,Nikola Ginsburg,nikola.ginsburg@student.edu,pass_S89632,student
S86090,Maya Armstrong,maya.armstrong@student.edu,pass_S86090,student
S53708,Enrico Watson,enrico.watson@student.edu,pass_S53708,student
S74647,Elizabeth Kepler,elizabeth.kepler@student.edu,pass_S74647,student
S61920,Frida Newton,frida.newton@student.edu,pass_S61920,student
S59380,Zora Gates,zora.gates@student.edu,pass_S59380,student
S38320,Johannes Gandhi,johannes.gandhi@student.edu,pass_S38320,student
S21368,Sylvia Edison,sylvia.edison@student.edu,pass_S21368,student
S26362,Werner Luther,werner.luther@student.edu,pass_S26362,student
S37458,Marie Newton,marie.newton@student.edu,pass_S37458,student
S70982,Marie Hodgkin,marie.hodgkin@student.edu,pass_S70982,student
S14237,Steve Hawking,steve.hawking@student.edu,pass_S14237,student
S53224,Marie da Vinci,marie.da.vinci@student.edu,pass_S53224,student
S67175,Virginia Yousafzai,virginia.yousafzai@student.edu,pass_S67175,student
S12434,Ada Parks,ada.parks@student.edu,pass_S12434,student
S86157,Toni Gandhi,toni.gandhi@student.edu,pass_S86157,student
S20782,Enrico Lamarr,enrico.lamarr@student.edu,pass_S20782,student
S10534,Alexander Plath,alexander.plath@student.edu,pass_S10534,student
S28285,Maya Parks,maya.parks@student.edu,pass_S28285,student
S51918,Ruth Planck,ruth.planck@student.edu,pass_S51918,student
S27686,Isaac Earhart,isaac.earhart@student.edu,pass_S27686,student
S54799,Jane Johnson,jane.johnson@student.edu,pass_S54799,student
S82892,Hedy Einstein,hedy.einstein@student.edu,pass_S82892,student
S63428,Alexander Plath,alexander.plath@student.edu,pass_S63428,student
S39432,Florence Parks,florence.parks@student.edu,pass_S39432,student
S41240,Zora Turing,zora.turing@student.edu,pass_S41240,student
S57273,Ada Fermi,ada.fermi@student.edu,pass_S57273,student
S93312,Niels Kahlo,niels.kahlo@student.edu,pass_S93312,student
S58685,Mahatma Einstein,mahatma.einstein@student.edu,pass_S58685,student
S91732,Mahatma Jobs,mahatma.jobs@student.edu,pass_S91732,student
S93049,Frida Antoinette,frida.antoinette@student.edu,pass_S93049,student
S52262,Georgia Earhart,georgia.earhart@student.edu,pass_S52262,student
S27449,Virginia Bohr,virginia.bohr@student.edu,pass_S27449,student
S41440,Jane Hawking,jane.hawking@student.edu,pass_S41440,student
S41346,Ada Mead,ada.mead@student.edu,pass_S41346,student
S31180,Malala Armstrong,malala.armstrong@student.edu,pass_S31180,student
S90038,Bill Feynman,bill.feynman@student.edu,pass_S90038,student
S67394,Frida Hemingway,frida.hemingway@student.edu,pass_S67394,student
S94966,Virginia Johnson,virginia.johnson@student.edu,pass_S94966,student
S51430,Jane Gandhi,jane.gandhi@student.edu,pass_S51430,student
S52162,Eleanor Ptolemy,eleanor.ptolemy@student.edu,pass_S52162,student
S66792,Jane Gates,jane.gates@student.edu,pass_S66792,student
S35090,Charles Jobs,charles.jobs@student.edu,pass_S35090,student
S82466,Stephen Morrison,stephen.morrison@student.edu,pass_S82466,student
S41184,Sylvia Kahlo,sylvia.kahlo@student.edu,pass_S41184,student
S31998,Ernest Hurston,ernest.hurston@student.edu,pass_S31998,student
S22622,James Nightingale,james.nightingale@student.edu,pass_S22622,student
S12000,Elizabeth Hodgkin,elizabeth.hodgkin@student.edu,pass_S12000,student
S88495,Charles da Vinci,charles.da.vinci@student.edu,pass_S88495,student
S91092,Katherine da Vinci,katherine.da.vinci@student.edu,pass_S91092,student
S12504,Hedy Yousafzai,hedy.yousafzai@student.edu,pass_S12504,student
S79746,Richard Austen,richard.austen@student.edu,pass_S79746,student
S73404,Isaac Feynman,isaac.feynman@student.edu,pass_S73404,student
S57309,Enrico Lovelace,enrico.lovelace@student.edu,pass_S57309,student
S28637,Leonardo Hodgkin,leonardo.hodgkin@student.edu,pass_S28637,student
S49122,James Feynman,james.feynman@student.edu,pass_S49122,student
S21762,Amelia Armstrong,amelia.armstrong@student.edu,pass_S21762,student
S93548,Alan Hemingway,alan.hemingway@student.edu,pass_S93548,student
S48393,Alexander Kepler,alexander.kepler@student.edu,pass_S48393,student
S24213,Virginia Pasteur,virginia.pasteur@student.edu,pass_S24213,student
S88565,Max da Vinci,max.da.vinci@student.edu,pass_S88565,student
S52899,Hedy Pasteur,hedy.pasteur@student.edu,pass_S52899,student
S89372,Emmy Nightingale,emmy.nightingale@student.edu,pass_S89372,student
S24754,Emmy Noether,emmy.noether@student.edu,pass_S24754,student
S21059,Rachel Einstein,rachel.einstein@student.edu,pass_S21059,student
S44092,Margaret Winfrey,margaret.winfrey@student.edu,pass_S44092,student
S98601,James Kepler,james.kepler@student.edu,pass_S98601,student
S26372,Nikola Johnson,nikola.johnson@student.edu,pass_S26372,student
S42560,Maya Bohr,maya.bohr@student.edu,pass_S42560,student
S99528,Sylvia Hurston,sylvia.hurston@student.edu,pass_S99528,student
S25846,Amelia Pasteur,amelia.pasteur@student.edu,pass_S25846,student
S93667,Marie Fermi,marie.fermi@student.edu,pass_S93667,student
S19244,Frida Noether,frida.noether@student.edu,pass_S19244,student
S65327,Louis Tesla,louis.tesla@student.edu,pass_S65327,student
S97664,Nelson Hawking,nelson.hawking@student.edu,pass_S97664,student
S48082,Hedy Hopper,hedy.hopper@student.edu,pass_S48082,student
S96801,Nikola Galilei,nikola.galilei@student.edu,pass_S96801,student
S45397,Margaret Parks,margaret.parks@student.edu,pass_S45397,student
S72092,Stephen Newton,stephen.newton@student.edu,pass_S72092,student
S69215,Amelia Yousafzai,amelia.yousafzai@student.edu,pass_S69215,student
S12806,Albert McClintock,albert.mcclintock@student.edu,pass_S12806,student
S33963,Leonardo Oppenheimer,leonardo.oppenheimer@student.edu,pass_S33963,student
S36119,Amelia Morrison,amelia.morrison@student.edu,pass_S36119,student
S81503,Nikola Woolf,nikola.woolf@student.edu,pass_S81503,student
S46032,Charles Ptolemy,charles.ptolemy@student.edu,pass_S46032,student
S78024,Toni Feynman,toni.feynman@student.edu,pass_S78024,student
S91549,Bill Hawking,bill.hawking@student.edu,pass_S91549,student
S29512,James Newton,james.newton@student.edu,pass_S29512,student
S17827,Steve Franklin,steve.franklin@student.edu,pass_S17827,student
S85979,Martin Roosevelt,martin.roosevelt@student.edu,pass_S85979,student
S39130,Srinivasa Yousafzai,srinivasa.yousafzai@student.edu,pass_S39130,student
S94429,Bill Kahlo,bill.kahlo@student.edu,pass_S94429,student
S67289,Ernest Luther,ernest.luther@student.edu,pass_S67289,student
S47460,Ada Carson,ada.carson@student.edu,pass_S47460,student
